0 ; 0
0 ; 0.0625
0.0625 ; 3.827e-18
0 ; 0
7.654e-18 ; -0.0625
0.0625 ; 3.827e-18
0 ; 0
7.654e-18 ; -0.0625
-0.0625 ; -1.1481e-17
0 ; 0
0 ; 0.0625
-0.0625 ; -1.1481e-17
0.088388 ; 0.088388
0 ; 0.0625
0.0625 ; 3.827e-18
0.088388 ; -0.088388
7.654e-18 ; -0.0625
0.0625 ; 3.827e-18
-0.088388 ; -0.088388
7.654e-18 ; -0.0625
-0.0625 ; -1.1481e-17
-0.088388 ; 0.088388
0 ; 0.0625
-0.0625 ; -1.1481e-17
0.088388 ; 0.088388
0 ; 0.0625
0 ; 0.125
0.088388 ; 0.088388
0.125 ; 7.654e-18
0.0625 ; 3.827e-18
0.088388 ; -0.088388
7.654e-18 ; -0.0625
1.5308e-17 ; -0.125
0.088388 ; -0.088388
0.125 ; 7.654e-18
0.0625 ; 3.827e-18
-0.088388 ; -0.088388
7.654e-18 ; -0.0625
1.5308e-17 ; -0.125
-0.088388 ; -0.088388
-0.125 ; -2.2962e-17
-0.0625 ; -1.1481e-17
-0.088388 ; 0.088388
0 ; 0.0625
0 ; 0.125
-0.088388 ; 0.088388
-0.125 ; -2.2962e-17
-0.0625 ; -1.1481e-17
0.088388 ; 0.088388
0.09375 ; 0.16238
0 ; 0.125
0.088388 ; 0.088388
0.125 ; 7.654e-18
0.16238 ; 0.09375
0.088388 ; -0.088388
0.09375 ; -0.16238
1.5308e-17 ; -0.125
0.088388 ; -0.088388
0.125 ; 7.654e-18
0.16238 ; -0.09375
-0.088388 ; -0.088388
-0.09375 ; -0.16238
1.5308e-17 ; -0.125
-0.088388 ; -0.088388
-0.125 ; -2.2962e-17
-0.16238 ; -0.09375
-0.088388 ; 0.088388
-0.09375 ; 0.16238
0 ; 0.125
-0.088388 ; 0.088388
-0.125 ; -2.2962e-17
-0.16238 ; 0.09375
0 ; 0.1875
0.09375 ; 0.16238
0 ; 0.125
0.088388 ; 0.088388
0.09375 ; 0.16238
0.16238 ; 0.09375
0.1875 ; 1.1481e-17
0.125 ; 7.654e-18
0.16238 ; 0.09375
2.2962e-17 ; -0.1875
0.09375 ; -0.16238
1.5308e-17 ; -0.125
0.088388 ; -0.088388
0.09375 ; -0.16238
0.16238 ; -0.09375
0.1875 ; 1.1481e-17
0.125 ; 7.654e-18
0.16238 ; -0.09375
2.2962e-17 ; -0.1875
-0.09375 ; -0.16238
1.5308e-17 ; -0.125
-0.088388 ; -0.088388
-0.09375 ; -0.16238
-0.16238 ; -0.09375
-0.1875 ; -3.4443e-17
-0.125 ; -2.2962e-17
-0.16238 ; -0.09375
0 ; 0.1875
-0.09375 ; 0.16238
0 ; 0.125
-0.088388 ; 0.088388
-0.09375 ; 0.16238
-0.16238 ; 0.09375
-0.1875 ; -3.4443e-17
-0.125 ; -2.2962e-17
-0.16238 ; 0.09375
0 ; 0.1875
0.09375 ; 0.16238
0.095671 ; 0.23097
0.17678 ; 0.17678
0.09375 ; 0.16238
0.16238 ; 0.09375
0.1875 ; 1.1481e-17
0.23097 ; 0.095671
0.16238 ; 0.09375
2.2962e-17 ; -0.1875
0.09375 ; -0.16238
0.095671 ; -0.23097
0.17678 ; -0.17678
0.09375 ; -0.16238
0.16238 ; -0.09375
0.1875 ; 1.1481e-17
0.23097 ; -0.095671
0.16238 ; -0.09375
2.2962e-17 ; -0.1875
-0.09375 ; -0.16238
-0.095671 ; -0.23097
-0.17678 ; -0.17678
-0.09375 ; -0.16238
-0.16238 ; -0.09375
-0.1875 ; -3.4443e-17
-0.23097 ; -0.095671
-0.16238 ; -0.09375
0 ; 0.1875
-0.09375 ; 0.16238
-0.095671 ; 0.23097
-0.17678 ; 0.17678
-0.09375 ; 0.16238
-0.16238 ; 0.09375
-0.1875 ; -3.4443e-17
-0.23097 ; 0.095671
-0.16238 ; 0.09375
0 ; 0.1875
0 ; 0.25
0.095671 ; 0.23097
0.17678 ; 0.17678
0.09375 ; 0.16238
0.095671 ; 0.23097
0.17678 ; 0.17678
0.23097 ; 0.095671
0.16238 ; 0.09375
0.1875 ; 1.1481e-17
0.23097 ; 0.095671
0.25 ; 1.5308e-17
2.2962e-17 ; -0.1875
3.0616e-17 ; -0.25
0.095671 ; -0.23097
0.17678 ; -0.17678
0.09375 ; -0.16238
0.095671 ; -0.23097
0.17678 ; -0.17678
0.23097 ; -0.095671
0.16238 ; -0.09375
0.1875 ; 1.1481e-17
0.23097 ; -0.095671
0.25 ; 1.5308e-17
2.2962e-17 ; -0.1875
3.0616e-17 ; -0.25
-0.095671 ; -0.23097
-0.17678 ; -0.17678
-0.09375 ; -0.16238
-0.095671 ; -0.23097
-0.17678 ; -0.17678
-0.23097 ; -0.095671
-0.16238 ; -0.09375
-0.1875 ; -3.4443e-17
-0.23097 ; -0.095671
-0.25 ; -4.5924e-17
0 ; 0.1875
0 ; 0.25
-0.095671 ; 0.23097
-0.17678 ; 0.17678
-0.09375 ; 0.16238
-0.095671 ; 0.23097
-0.17678 ; 0.17678
-0.23097 ; 0.095671
-0.16238 ; 0.09375
-0.1875 ; -3.4443e-17
-0.23097 ; 0.095671
-0.25 ; -4.5924e-17
0.096568 ; 0.29721
0 ; 0.25
0.095671 ; 0.23097
0.17678 ; 0.17678
0.18368 ; 0.25282
0.095671 ; 0.23097
0.17678 ; 0.17678
0.23097 ; 0.095671
0.25282 ; 0.18368
0.29721 ; 0.096568
0.23097 ; 0.095671
0.25 ; 1.5308e-17
0.096568 ; -0.29721
3.0616e-17 ; -0.25
0.095671 ; -0.23097
0.17678 ; -0.17678
0.18368 ; -0.25282
0.095671 ; -0.23097
0.17678 ; -0.17678
0.23097 ; -0.095671
0.25282 ; -0.18368
0.29721 ; -0.096568
0.23097 ; -0.095671
0.25 ; 1.5308e-17
-0.096568 ; -0.29721
3.0616e-17 ; -0.25
-0.095671 ; -0.23097
-0.17678 ; -0.17678
-0.18368 ; -0.25282
-0.095671 ; -0.23097
-0.17678 ; -0.17678
-0.23097 ; -0.095671
-0.25282 ; -0.18368
-0.29721 ; -0.096568
-0.23097 ; -0.095671
-0.25 ; -4.5924e-17
-0.096568 ; 0.29721
0 ; 0.25
-0.095671 ; 0.23097
-0.17678 ; 0.17678
-0.18368 ; 0.25282
-0.095671 ; 0.23097
-0.17678 ; 0.17678
-0.23097 ; 0.095671
-0.25282 ; 0.18368
-0.29721 ; 0.096568
-0.23097 ; 0.095671
-0.25 ; -4.5924e-17
0.096568 ; 0.29721
0 ; 0.25
0 ; 0.3125
0.096568 ; 0.29721
0.18368 ; 0.25282
0.095671 ; 0.23097
0.17678 ; 0.17678
0.18368 ; 0.25282
0.25282 ; 0.18368
0.29721 ; 0.096568
0.23097 ; 0.095671
0.25282 ; 0.18368
0.29721 ; 0.096568
0.3125 ; 1.9135e-17
0.25 ; 1.5308e-17
0.096568 ; -0.29721
3.0616e-17 ; -0.25
3.827e-17 ; -0.3125
0.096568 ; -0.29721
0.18368 ; -0.25282
0.095671 ; -0.23097
0.17678 ; -0.17678
0.18368 ; -0.25282
0.25282 ; -0.18368
0.29721 ; -0.096568
0.23097 ; -0.095671
0.25282 ; -0.18368
0.29721 ; -0.096568
0.3125 ; 1.9135e-17
0.25 ; 1.5308e-17
-0.096568 ; -0.29721
3.0616e-17 ; -0.25
3.827e-17 ; -0.3125
-0.096568 ; -0.29721
-0.18368 ; -0.25282
-0.095671 ; -0.23097
-0.17678 ; -0.17678
-0.18368 ; -0.25282
-0.25282 ; -0.18368
-0.29721 ; -0.096568
-0.23097 ; -0.095671
-0.25282 ; -0.18368
-0.29721 ; -0.096568
-0.3125 ; -5.7405e-17
-0.25 ; -4.5924e-17
-0.096568 ; 0.29721
0 ; 0.25
0 ; 0.3125
-0.096568 ; 0.29721
-0.18368 ; 0.25282
-0.095671 ; 0.23097
-0.17678 ; 0.17678
-0.18368 ; 0.25282
-0.25282 ; 0.18368
-0.29721 ; 0.096568
-0.23097 ; 0.095671
-0.25282 ; 0.18368
-0.29721 ; 0.096568
-0.3125 ; -5.7405e-17
-0.25 ; -4.5924e-17
0.096568 ; 0.29721
0.097057 ; 0.36222
0 ; 0.3125
0.096568 ; 0.29721
0.18368 ; 0.25282
0.1875 ; 0.32476
0.26517 ; 0.26517
0.18368 ; 0.25282
0.25282 ; 0.18368
0.29721 ; 0.096568
0.32476 ; 0.1875
0.25282 ; 0.18368
0.29721 ; 0.096568
0.3125 ; 1.9135e-17
0.36222 ; 0.097057
0.096568 ; -0.29721
0.097057 ; -0.36222
3.827e-17 ; -0.3125
0.096568 ; -0.29721
0.18368 ; -0.25282
0.1875 ; -0.32476
0.26517 ; -0.26517
0.18368 ; -0.25282
0.25282 ; -0.18368
0.29721 ; -0.096568
0.32476 ; -0.1875
0.25282 ; -0.18368
0.29721 ; -0.096568
0.3125 ; 1.9135e-17
0.36222 ; -0.097057
-0.096568 ; -0.29721
-0.097057 ; -0.36222
3.827e-17 ; -0.3125
-0.096568 ; -0.29721
-0.18368 ; -0.25282
-0.1875 ; -0.32476
-0.26517 ; -0.26517
-0.18368 ; -0.25282
-0.25282 ; -0.18368
-0.29721 ; -0.096568
-0.32476 ; -0.1875
-0.25282 ; -0.18368
-0.29721 ; -0.096568
-0.3125 ; -5.7405e-17
-0.36222 ; -0.097057
-0.096568 ; 0.29721
-0.097057 ; 0.36222
0 ; 0.3125
-0.096568 ; 0.29721
-0.18368 ; 0.25282
-0.1875 ; 0.32476
-0.26517 ; 0.26517
-0.18368 ; 0.25282
-0.25282 ; 0.18368
-0.29721 ; 0.096568
-0.32476 ; 0.1875
-0.25282 ; 0.18368
-0.29721 ; 0.096568
-0.3125 ; -5.7405e-17
-0.36222 ; 0.097057
0 ; 0.375
0.097057 ; 0.36222
0 ; 0.3125
0.096568 ; 0.29721
0.097057 ; 0.36222
0.1875 ; 0.32476
0.26517 ; 0.26517
0.18368 ; 0.25282
0.1875 ; 0.32476
0.26517 ; 0.26517
0.32476 ; 0.1875
0.25282 ; 0.18368
0.29721 ; 0.096568
0.32476 ; 0.1875
0.36222 ; 0.097057
0.375 ; 2.2962e-17
0.3125 ; 1.9135e-17
0.36222 ; 0.097057
4.5924e-17 ; -0.375
0.097057 ; -0.36222
3.827e-17 ; -0.3125
0.096568 ; -0.29721
0.097057 ; -0.36222
0.1875 ; -0.32476
0.26517 ; -0.26517
0.18368 ; -0.25282
0.1875 ; -0.32476
0.26517 ; -0.26517
0.32476 ; -0.1875
0.25282 ; -0.18368
0.29721 ; -0.096568
0.32476 ; -0.1875
0.36222 ; -0.097057
0.375 ; 2.2962e-17
0.3125 ; 1.9135e-17
0.36222 ; -0.097057
4.5924e-17 ; -0.375
-0.097057 ; -0.36222
3.827e-17 ; -0.3125
-0.096568 ; -0.29721
-0.097057 ; -0.36222
-0.1875 ; -0.32476
-0.26517 ; -0.26517
-0.18368 ; -0.25282
-0.1875 ; -0.32476
-0.26517 ; -0.26517
-0.32476 ; -0.1875
-0.25282 ; -0.18368
-0.29721 ; -0.096568
-0.32476 ; -0.1875
-0.36222 ; -0.097057
-0.375 ; -6.8886e-17
-0.3125 ; -5.7405e-17
-0.36222 ; -0.097057
0 ; 0.375
-0.097057 ; 0.36222
0 ; 0.3125
-0.096568 ; 0.29721
-0.097057 ; 0.36222
-0.1875 ; 0.32476
-0.26517 ; 0.26517
-0.18368 ; 0.25282
-0.1875 ; 0.32476
-0.26517 ; 0.26517
-0.32476 ; 0.1875
-0.25282 ; 0.18368
-0.29721 ; 0.096568
-0.32476 ; 0.1875
-0.36222 ; 0.097057
-0.375 ; -6.8886e-17
-0.3125 ; -5.7405e-17
-0.36222 ; 0.097057
0 ; 0.375
0.097057 ; 0.36222
0.097353 ; 0.42653
0.18982 ; 0.39417
0.097057 ; 0.36222
0.1875 ; 0.32476
0.26517 ; 0.26517
0.27278 ; 0.34205
0.1875 ; 0.32476
0.26517 ; 0.26517
0.32476 ; 0.1875
0.34205 ; 0.27278
0.39417 ; 0.18982
0.32476 ; 0.1875
0.36222 ; 0.097057
0.375 ; 2.2962e-17
0.42653 ; 0.097353
0.36222 ; 0.097057
4.5924e-17 ; -0.375
0.097057 ; -0.36222
0.097353 ; -0.42653
0.18982 ; -0.39417
0.097057 ; -0.36222
0.1875 ; -0.32476
0.26517 ; -0.26517
0.27278 ; -0.34205
0.1875 ; -0.32476
0.26517 ; -0.26517
0.32476 ; -0.1875
0.34205 ; -0.27278
0.39417 ; -0.18982
0.32476 ; -0.1875
0.36222 ; -0.097057
0.375 ; 2.2962e-17
0.42653 ; -0.097353
0.36222 ; -0.097057
4.5924e-17 ; -0.375
-0.097057 ; -0.36222
-0.097353 ; -0.42653
-0.18982 ; -0.39417
-0.097057 ; -0.36222
-0.1875 ; -0.32476
-0.26517 ; -0.26517
-0.27278 ; -0.34205
-0.1875 ; -0.32476
-0.26517 ; -0.26517
-0.32476 ; -0.1875
-0.34205 ; -0.27278
-0.39417 ; -0.18982
-0.32476 ; -0.1875
-0.36222 ; -0.097057
-0.375 ; -6.8886e-17
-0.42653 ; -0.097353
-0.36222 ; -0.097057
0 ; 0.375
-0.097057 ; 0.36222
-0.097353 ; 0.42653
-0.18982 ; 0.39417
-0.097057 ; 0.36222
-0.1875 ; 0.32476
-0.26517 ; 0.26517
-0.27278 ; 0.34205
-0.1875 ; 0.32476
-0.26517 ; 0.26517
-0.32476 ; 0.1875
-0.34205 ; 0.27278
-0.39417 ; 0.18982
-0.32476 ; 0.1875
-0.36222 ; 0.097057
-0.375 ; -6.8886e-17
-0.42653 ; 0.097353
-0.36222 ; 0.097057
0 ; 0.375
0 ; 0.4375
0.097353 ; 0.42653
0.18982 ; 0.39417
0.097057 ; 0.36222
0.097353 ; 0.42653
0.18982 ; 0.39417
0.27278 ; 0.34205
0.1875 ; 0.32476
0.26517 ; 0.26517
0.27278 ; 0.34205
0.34205 ; 0.27278
0.39417 ; 0.18982
0.32476 ; 0.1875
0.34205 ; 0.27278
0.39417 ; 0.18982
0.42653 ; 0.097353
0.36222 ; 0.097057
0.375 ; 2.2962e-17
0.42653 ; 0.097353
0.4375 ; 2.6789e-17
4.5924e-17 ; -0.375
5.3578e-17 ; -0.4375
0.097353 ; -0.42653
0.18982 ; -0.39417
0.097057 ; -0.36222
0.097353 ; -0.42653
0.18982 ; -0.39417
0.27278 ; -0.34205
0.1875 ; -0.32476
0.26517 ; -0.26517
0.27278 ; -0.34205
0.34205 ; -0.27278
0.39417 ; -0.18982
0.32476 ; -0.1875
0.34205 ; -0.27278
0.39417 ; -0.18982
0.42653 ; -0.097353
0.36222 ; -0.097057
0.375 ; 2.2962e-17
0.42653 ; -0.097353
0.4375 ; 2.6789e-17
4.5924e-17 ; -0.375
5.3578e-17 ; -0.4375
-0.097353 ; -0.42653
-0.18982 ; -0.39417
-0.097057 ; -0.36222
-0.097353 ; -0.42653
-0.18982 ; -0.39417
-0.27278 ; -0.34205
-0.1875 ; -0.32476
-0.26517 ; -0.26517
-0.27278 ; -0.34205
-0.34205 ; -0.27278
-0.39417 ; -0.18982
-0.32476 ; -0.1875
-0.34205 ; -0.27278
-0.39417 ; -0.18982
-0.42653 ; -0.097353
-0.36222 ; -0.097057
-0.375 ; -6.8886e-17
-0.42653 ; -0.097353
-0.4375 ; -8.0367e-17
0 ; 0.375
0 ; 0.4375
-0.097353 ; 0.42653
-0.18982 ; 0.39417
-0.097057 ; 0.36222
-0.097353 ; 0.42653
-0.18982 ; 0.39417
-0.27278 ; 0.34205
-0.1875 ; 0.32476
-0.26517 ; 0.26517
-0.27278 ; 0.34205
-0.34205 ; 0.27278
-0.39417 ; 0.18982
-0.32476 ; 0.1875
-0.34205 ; 0.27278
-0.39417 ; 0.18982
-0.42653 ; 0.097353
-0.36222 ; 0.097057
-0.375 ; -6.8886e-17
-0.42653 ; 0.097353
-0.4375 ; -8.0367e-17
0.097545 ; 0.49039
0 ; 0.4375
0.097353 ; 0.42653
0.18982 ; 0.39417
0.19134 ; 0.46194
0.097353 ; 0.42653
0.18982 ; 0.39417
0.27278 ; 0.34205
0.27779 ; 0.41573
0.35355 ; 0.35355
0.27278 ; 0.34205
0.34205 ; 0.27278
0.39417 ; 0.18982
0.41573 ; 0.27779
0.34205 ; 0.27278
0.39417 ; 0.18982
0.42653 ; 0.097353
0.46194 ; 0.19134
0.49039 ; 0.097545
0.42653 ; 0.097353
0.4375 ; 2.6789e-17
0.097545 ; -0.49039
5.3578e-17 ; -0.4375
0.097353 ; -0.42653
0.18982 ; -0.39417
0.19134 ; -0.46194
0.097353 ; -0.42653
0.18982 ; -0.39417
0.27278 ; -0.34205
0.27779 ; -0.41573
0.35355 ; -0.35355
0.27278 ; -0.34205
0.34205 ; -0.27278
0.39417 ; -0.18982
0.41573 ; -0.27779
0.34205 ; -0.27278
0.39417 ; -0.18982
0.42653 ; -0.097353
0.46194 ; -0.19134
0.49039 ; -0.097545
0.42653 ; -0.097353
0.4375 ; 2.6789e-17
-0.097545 ; -0.49039
5.3578e-17 ; -0.4375
-0.097353 ; -0.42653
-0.18982 ; -0.39417
-0.19134 ; -0.46194
-0.097353 ; -0.42653
-0.18982 ; -0.39417
-0.27278 ; -0.34205
-0.27779 ; -0.41573
-0.35355 ; -0.35355
-0.27278 ; -0.34205
-0.34205 ; -0.27278
-0.39417 ; -0.18982
-0.41573 ; -0.27779
-0.34205 ; -0.27278
-0.39417 ; -0.18982
-0.42653 ; -0.097353
-0.46194 ; -0.19134
-0.49039 ; -0.097545
-0.42653 ; -0.097353
-0.4375 ; -8.0367e-17
-0.097545 ; 0.49039
0 ; 0.4375
-0.097353 ; 0.42653
-0.18982 ; 0.39417
-0.19134 ; 0.46194
-0.097353 ; 0.42653
-0.18982 ; 0.39417
-0.27278 ; 0.34205
-0.27779 ; 0.41573
-0.35355 ; 0.35355
-0.27278 ; 0.34205
-0.34205 ; 0.27278
-0.39417 ; 0.18982
-0.41573 ; 0.27779
-0.34205 ; 0.27278
-0.39417 ; 0.18982
-0.42653 ; 0.097353
-0.46194 ; 0.19134
-0.49039 ; 0.097545
-0.42653 ; 0.097353
-0.4375 ; -8.0367e-17
0.097545 ; 0.49039
0 ; 0.4375
0 ; 0.5
0.097545 ; 0.49039
0.19134 ; 0.46194
0.097353 ; 0.42653
0.18982 ; 0.39417
0.19134 ; 0.46194
0.27779 ; 0.41573
0.35355 ; 0.35355
0.27278 ; 0.34205
0.27779 ; 0.41573
0.35355 ; 0.35355
0.41573 ; 0.27779
0.34205 ; 0.27278
0.39417 ; 0.18982
0.41573 ; 0.27779
0.46194 ; 0.19134
0.49039 ; 0.097545
0.42653 ; 0.097353
0.46194 ; 0.19134
0.49039 ; 0.097545
0.5 ; 3.0616e-17
0.4375 ; 2.6789e-17
0.097545 ; -0.49039
5.3578e-17 ; -0.4375
6.1232e-17 ; -0.5
0.097545 ; -0.49039
0.19134 ; -0.46194
0.097353 ; -0.42653
0.18982 ; -0.39417
0.19134 ; -0.46194
0.27779 ; -0.41573
0.35355 ; -0.35355
0.27278 ; -0.34205
0.27779 ; -0.41573
0.35355 ; -0.35355
0.41573 ; -0.27779
0.34205 ; -0.27278
0.39417 ; -0.18982
0.41573 ; -0.27779
0.46194 ; -0.19134
0.49039 ; -0.097545
0.42653 ; -0.097353
0.46194 ; -0.19134
0.49039 ; -0.097545
0.5 ; 3.0616e-17
0.4375 ; 2.6789e-17
-0.097545 ; -0.49039
5.3578e-17 ; -0.4375
6.1232e-17 ; -0.5
-0.097545 ; -0.49039
-0.19134 ; -0.46194
-0.097353 ; -0.42653
-0.18982 ; -0.39417
-0.19134 ; -0.46194
-0.27779 ; -0.41573
-0.35355 ; -0.35355
-0.27278 ; -0.34205
-0.27779 ; -0.41573
-0.35355 ; -0.35355
-0.41573 ; -0.27779
-0.34205 ; -0.27278
-0.39417 ; -0.18982
-0.41573 ; -0.27779
-0.46194 ; -0.19134
-0.49039 ; -0.097545
-0.42653 ; -0.097353
-0.46194 ; -0.19134
-0.49039 ; -0.097545
-0.5 ; -9.1849e-17
-0.4375 ; -8.0367e-17
-0.097545 ; 0.49039
0 ; 0.4375
0 ; 0.5
-0.097545 ; 0.49039
-0.19134 ; 0.46194
-0.097353 ; 0.42653
-0.18982 ; 0.39417
-0.19134 ; 0.46194
-0.27779 ; 0.41573
-0.35355 ; 0.35355
-0.27278 ; 0.34205
-0.27779 ; 0.41573
-0.35355 ; 0.35355
-0.41573 ; 0.27779
-0.34205 ; 0.27278
-0.39417 ; 0.18982
-0.41573 ; 0.27779
-0.46194 ; 0.19134
-0.49039 ; 0.097545
-0.42653 ; 0.097353
-0.46194 ; 0.19134
-0.49039 ; 0.097545
-0.5 ; -9.1849e-17
-0.4375 ; -8.0367e-17
0.097545 ; 0.49039
0.097677 ; 0.55395
0 ; 0.5
0.097545 ; 0.49039
0.19134 ; 0.46194
0.19239 ; 0.52858
0.28125 ; 0.48714
0.19134 ; 0.46194
0.27779 ; 0.41573
0.35355 ; 0.35355
0.36157 ; 0.4309
0.27779 ; 0.41573
0.35355 ; 0.35355
0.41573 ; 0.27779
0.4309 ; 0.36157
0.48714 ; 0.28125
0.41573 ; 0.27779
0.46194 ; 0.19134
0.49039 ; 0.097545
0.52858 ; 0.19239
0.46194 ; 0.19134
0.49039 ; 0.097545
0.5 ; 3.0616e-17
0.55395 ; 0.097677
0.097545 ; -0.49039
0.097677 ; -0.55395
6.1232e-17 ; -0.5
0.097545 ; -0.49039
0.19134 ; -0.46194
0.19239 ; -0.52858
0.28125 ; -0.48714
0.19134 ; -0.46194
0.27779 ; -0.41573
0.35355 ; -0.35355
0.36157 ; -0.4309
0.27779 ; -0.41573
0.35355 ; -0.35355
0.41573 ; -0.27779
0.4309 ; -0.36157
0.48714 ; -0.28125
0.41573 ; -0.27779
0.46194 ; -0.19134
0.49039 ; -0.097545
0.52858 ; -0.19239
0.46194 ; -0.19134
0.49039 ; -0.097545
0.5 ; 3.0616e-17
0.55395 ; -0.097677
-0.097545 ; -0.49039
-0.097677 ; -0.55395
6.1232e-17 ; -0.5
-0.097545 ; -0.49039
-0.19134 ; -0.46194
-0.19239 ; -0.52858
-0.28125 ; -0.48714
-0.19134 ; -0.46194
-0.27779 ; -0.41573
-0.35355 ; -0.35355
-0.36157 ; -0.4309
-0.27779 ; -0.41573
-0.35355 ; -0.35355
-0.41573 ; -0.27779
-0.4309 ; -0.36157
-0.48714 ; -0.28125
-0.41573 ; -0.27779
-0.46194 ; -0.19134
-0.49039 ; -0.097545
-0.52858 ; -0.19239
-0.46194 ; -0.19134
-0.49039 ; -0.097545
-0.5 ; -9.1849e-17
-0.55395 ; -0.097677
-0.097545 ; 0.49039
-0.097677 ; 0.55395
0 ; 0.5
-0.097545 ; 0.49039
-0.19134 ; 0.46194
-0.19239 ; 0.52858
-0.28125 ; 0.48714
-0.19134 ; 0.46194
-0.27779 ; 0.41573
-0.35355 ; 0.35355
-0.36157 ; 0.4309
-0.27779 ; 0.41573
-0.35355 ; 0.35355
-0.41573 ; 0.27779
-0.4309 ; 0.36157
-0.48714 ; 0.28125
-0.41573 ; 0.27779
-0.46194 ; 0.19134
-0.49039 ; 0.097545
-0.52858 ; 0.19239
-0.46194 ; 0.19134
-0.49039 ; 0.097545
-0.5 ; -9.1849e-17
-0.55395 ; 0.097677
0 ; 0.5625
0.097677 ; 0.55395
0 ; 0.5
0.097545 ; 0.49039
0.097677 ; 0.55395
0.19239 ; 0.52858
0.28125 ; 0.48714
0.19134 ; 0.46194
0.19239 ; 0.52858
0.28125 ; 0.48714
0.36157 ; 0.4309
0.27779 ; 0.41573
0.35355 ; 0.35355
0.36157 ; 0.4309
0.4309 ; 0.36157
0.48714 ; 0.28125
0.41573 ; 0.27779
0.4309 ; 0.36157
0.48714 ; 0.28125
0.52858 ; 0.19239
0.46194 ; 0.19134
0.49039 ; 0.097545
0.52858 ; 0.19239
0.55395 ; 0.097677
0.5625 ; 3.4443e-17
0.5 ; 3.0616e-17
0.55395 ; 0.097677
6.8886e-17 ; -0.5625
0.097677 ; -0.55395
6.1232e-17 ; -0.5
0.097545 ; -0.49039
0.097677 ; -0.55395
0.19239 ; -0.52858
0.28125 ; -0.48714
0.19134 ; -0.46194
0.19239 ; -0.52858
0.28125 ; -0.48714
0.36157 ; -0.4309
0.27779 ; -0.41573
0.35355 ; -0.35355
0.36157 ; -0.4309
0.4309 ; -0.36157
0.48714 ; -0.28125
0.41573 ; -0.27779
0.4309 ; -0.36157
0.48714 ; -0.28125
0.52858 ; -0.19239
0.46194 ; -0.19134
0.49039 ; -0.097545
0.52858 ; -0.19239
0.55395 ; -0.097677
0.5625 ; 3.4443e-17
0.5 ; 3.0616e-17
0.55395 ; -0.097677
6.8886e-17 ; -0.5625
-0.097677 ; -0.55395
6.1232e-17 ; -0.5
-0.097545 ; -0.49039
-0.097677 ; -0.55395
-0.19239 ; -0.52858
-0.28125 ; -0.48714
-0.19134 ; -0.46194
-0.19239 ; -0.52858
-0.28125 ; -0.48714
-0.36157 ; -0.4309
-0.27779 ; -0.41573
-0.35355 ; -0.35355
-0.36157 ; -0.4309
-0.4309 ; -0.36157
-0.48714 ; -0.28125
-0.41573 ; -0.27779
-0.4309 ; -0.36157
-0.48714 ; -0.28125
-0.52858 ; -0.19239
-0.46194 ; -0.19134
-0.49039 ; -0.097545
-0.52858 ; -0.19239
-0.55395 ; -0.097677
-0.5625 ; -1.0333e-16
-0.5 ; -9.1849e-17
-0.55395 ; -0.097677
0 ; 0.5625
-0.097677 ; 0.55395
0 ; 0.5
-0.097545 ; 0.49039
-0.097677 ; 0.55395
-0.19239 ; 0.52858
-0.28125 ; 0.48714
-0.19134 ; 0.46194
-0.19239 ; 0.52858
-0.28125 ; 0.48714
-0.36157 ; 0.4309
-0.27779 ; 0.41573
-0.35355 ; 0.35355
-0.36157 ; 0.4309
-0.4309 ; 0.36157
-0.48714 ; 0.28125
-0.41573 ; 0.27779
-0.4309 ; 0.36157
-0.48714 ; 0.28125
-0.52858 ; 0.19239
-0.46194 ; 0.19134
-0.49039 ; 0.097545
-0.52858 ; 0.19239
-0.55395 ; 0.097677
-0.5625 ; -1.0333e-16
-0.5 ; -9.1849e-17
-0.55395 ; 0.097677
0 ; 0.5625
0.097677 ; 0.55395
0.097772 ; 0.61731
0.19314 ; 0.59441
0.097677 ; 0.55395
0.19239 ; 0.52858
0.28125 ; 0.48714
0.28374 ; 0.55688
0.19239 ; 0.52858
0.28125 ; 0.48714
0.36157 ; 0.4309
0.36737 ; 0.50564
0.44194 ; 0.44194
0.36157 ; 0.4309
0.4309 ; 0.36157
0.48714 ; 0.28125
0.50564 ; 0.36737
0.4309 ; 0.36157
0.48714 ; 0.28125
0.52858 ; 0.19239
0.55688 ; 0.28374
0.59441 ; 0.19314
0.52858 ; 0.19239
0.55395 ; 0.097677
0.5625 ; 3.4443e-17
0.61731 ; 0.097772
0.55395 ; 0.097677
6.8886e-17 ; -0.5625
0.097677 ; -0.55395
0.097772 ; -0.61731
0.19314 ; -0.59441
0.097677 ; -0.55395
0.19239 ; -0.52858
0.28125 ; -0.48714
0.28374 ; -0.55688
0.19239 ; -0.52858
0.28125 ; -0.48714
0.36157 ; -0.4309
0.36737 ; -0.50564
0.44194 ; -0.44194
0.36157 ; -0.4309
0.4309 ; -0.36157
0.48714 ; -0.28125
0.50564 ; -0.36737
0.4309 ; -0.36157
0.48714 ; -0.28125
0.52858 ; -0.19239
0.55688 ; -0.28374
0.59441 ; -0.19314
0.52858 ; -0.19239
0.55395 ; -0.097677
0.5625 ; 3.4443e-17
0.61731 ; -0.097772
0.55395 ; -0.097677
6.8886e-17 ; -0.5625
-0.097677 ; -0.55395
-0.097772 ; -0.61731
-0.19314 ; -0.59441
-0.097677 ; -0.55395
-0.19239 ; -0.52858
-0.28125 ; -0.48714
-0.28374 ; -0.55688
-0.19239 ; -0.52858
-0.28125 ; -0.48714
-0.36157 ; -0.4309
-0.36737 ; -0.50564
-0.44194 ; -0.44194
-0.36157 ; -0.4309
-0.4309 ; -0.36157
-0.48714 ; -0.28125
-0.50564 ; -0.36737
-0.4309 ; -0.36157
-0.48714 ; -0.28125
-0.52858 ; -0.19239
-0.55688 ; -0.28374
-0.59441 ; -0.19314
-0.52858 ; -0.19239
-0.55395 ; -0.097677
-0.5625 ; -1.0333e-16
-0.61731 ; -0.097772
-0.55395 ; -0.097677
0 ; 0.5625
-0.097677 ; 0.55395
-0.097772 ; 0.61731
-0.19314 ; 0.59441
-0.097677 ; 0.55395
-0.19239 ; 0.52858
-0.28125 ; 0.48714
-0.28374 ; 0.55688
-0.19239 ; 0.52858
-0.28125 ; 0.48714
-0.36157 ; 0.4309
-0.36737 ; 0.50564
-0.44194 ; 0.44194
-0.36157 ; 0.4309
-0.4309 ; 0.36157
-0.48714 ; 0.28125
-0.50564 ; 0.36737
-0.4309 ; 0.36157
-0.48714 ; 0.28125
-0.52858 ; 0.19239
-0.55688 ; 0.28374
-0.59441 ; 0.19314
-0.52858 ; 0.19239
-0.55395 ; 0.097677
-0.5625 ; -1.0333e-16
-0.61731 ; 0.097772
-0.55395 ; 0.097677
0 ; 0.5625
0 ; 0.625
0.097772 ; 0.61731
0.19314 ; 0.59441
0.097677 ; 0.55395
0.097772 ; 0.61731
0.19314 ; 0.59441
0.28374 ; 0.55688
0.19239 ; 0.52858
0.28125 ; 0.48714
0.28374 ; 0.55688
0.36737 ; 0.50564
0.44194 ; 0.44194
0.36157 ; 0.4309
0.36737 ; 0.50564
0.44194 ; 0.44194
0.50564 ; 0.36737
0.4309 ; 0.36157
0.48714 ; 0.28125
0.50564 ; 0.36737
0.55688 ; 0.28374
0.59441 ; 0.19314
0.52858 ; 0.19239
0.55688 ; 0.28374
0.59441 ; 0.19314
0.61731 ; 0.097772
0.55395 ; 0.097677
0.5625 ; 3.4443e-17
0.61731 ; 0.097772
0.625 ; 3.827e-17
6.8886e-17 ; -0.5625
7.654e-17 ; -0.625
0.097772 ; -0.61731
0.19314 ; -0.59441
0.097677 ; -0.55395
0.097772 ; -0.61731
0.19314 ; -0.59441
0.28374 ; -0.55688
0.19239 ; -0.52858
0.28125 ; -0.48714
0.28374 ; -0.55688
0.36737 ; -0.50564
0.44194 ; -0.44194
0.36157 ; -0.4309
0.36737 ; -0.50564
0.44194 ; -0.44194
0.50564 ; -0.36737
0.4309 ; -0.36157
0.48714 ; -0.28125
0.50564 ; -0.36737
0.55688 ; -0.28374
0.59441 ; -0.19314
0.52858 ; -0.19239
0.55688 ; -0.28374
0.59441 ; -0.19314
0.61731 ; -0.097772
0.55395 ; -0.097677
0.5625 ; 3.4443e-17
0.61731 ; -0.097772
0.625 ; 3.827e-17
6.8886e-17 ; -0.5625
7.654e-17 ; -0.625
-0.097772 ; -0.61731
-0.19314 ; -0.59441
-0.097677 ; -0.55395
-0.097772 ; -0.61731
-0.19314 ; -0.59441
-0.28374 ; -0.55688
-0.19239 ; -0.52858
-0.28125 ; -0.48714
-0.28374 ; -0.55688
-0.36737 ; -0.50564
-0.44194 ; -0.44194
-0.36157 ; -0.4309
-0.36737 ; -0.50564
-0.44194 ; -0.44194
-0.50564 ; -0.36737
-0.4309 ; -0.36157
-0.48714 ; -0.28125
-0.50564 ; -0.36737
-0.55688 ; -0.28374
-0.59441 ; -0.19314
-0.52858 ; -0.19239
-0.55688 ; -0.28374
-0.59441 ; -0.19314
-0.61731 ; -0.097772
-0.55395 ; -0.097677
-0.5625 ; -1.0333e-16
-0.61731 ; -0.097772
-0.625 ; -1.1481e-16
0 ; 0.5625
0 ; 0.625
-0.097772 ; 0.61731
-0.19314 ; 0.59441
-0.097677 ; 0.55395
-0.097772 ; 0.61731
-0.19314 ; 0.59441
-0.28374 ; 0.55688
-0.19239 ; 0.52858
-0.28125 ; 0.48714
-0.28374 ; 0.55688
-0.36737 ; 0.50564
-0.44194 ; 0.44194
-0.36157 ; 0.4309
-0.36737 ; 0.50564
-0.44194 ; 0.44194
-0.50564 ; 0.36737
-0.4309 ; 0.36157
-0.48714 ; 0.28125
-0.50564 ; 0.36737
-0.55688 ; 0.28374
-0.59441 ; 0.19314
-0.52858 ; 0.19239
-0.55688 ; 0.28374
-0.59441 ; 0.19314
-0.61731 ; 0.097772
-0.55395 ; 0.097677
-0.5625 ; -1.0333e-16
-0.61731 ; 0.097772
-0.625 ; -1.1481e-16
0.097841 ; 0.6805
0 ; 0.625
0.097772 ; 0.61731
0.19314 ; 0.59441
0.19369 ; 0.65965
0.097772 ; 0.61731
0.19314 ; 0.59441
0.28374 ; 0.55688
0.2856 ; 0.62537
0.37169 ; 0.57836
0.28374 ; 0.55688
0.36737 ; 0.50564
0.44194 ; 0.44194
0.45022 ; 0.51958
0.36737 ; 0.50564
0.44194 ; 0.44194
0.50564 ; 0.36737
0.51958 ; 0.45022
0.57836 ; 0.37169
0.50564 ; 0.36737
0.55688 ; 0.28374
0.59441 ; 0.19314
0.62537 ; 0.2856
0.55688 ; 0.28374
0.59441 ; 0.19314
0.61731 ; 0.097772
0.65965 ; 0.19369
0.6805 ; 0.097841
0.61731 ; 0.097772
0.625 ; 3.827e-17
0.097841 ; -0.6805
7.654e-17 ; -0.625
0.097772 ; -0.61731
0.19314 ; -0.59441
0.19369 ; -0.65965
0.097772 ; -0.61731
0.19314 ; -0.59441
0.28374 ; -0.55688
0.2856 ; -0.62537
0.37169 ; -0.57836
0.28374 ; -0.55688
0.36737 ; -0.50564
0.44194 ; -0.44194
0.45022 ; -0.51958
0.36737 ; -0.50564
0.44194 ; -0.44194
0.50564 ; -0.36737
0.51958 ; -0.45022
0.57836 ; -0.37169
0.50564 ; -0.36737
0.55688 ; -0.28374
0.59441 ; -0.19314
0.62537 ; -0.2856
0.55688 ; -0.28374
0.59441 ; -0.19314
0.61731 ; -0.097772
0.65965 ; -0.19369
0.6805 ; -0.097841
0.61731 ; -0.097772
0.625 ; 3.827e-17
-0.097841 ; -0.6805
7.654e-17 ; -0.625
-0.097772 ; -0.61731
-0.19314 ; -0.59441
-0.19369 ; -0.65965
-0.097772 ; -0.61731
-0.19314 ; -0.59441
-0.28374 ; -0.55688
-0.2856 ; -0.62537
-0.37169 ; -0.57836
-0.28374 ; -0.55688
-0.36737 ; -0.50564
-0.44194 ; -0.44194
-0.45022 ; -0.51958
-0.36737 ; -0.50564
-0.44194 ; -0.44194
-0.50564 ; -0.36737
-0.51958 ; -0.45022
-0.57836 ; -0.37169
-0.50564 ; -0.36737
-0.55688 ; -0.28374
-0.59441 ; -0.19314
-0.62537 ; -0.2856
-0.55688 ; -0.28374
-0.59441 ; -0.19314
-0.61731 ; -0.097772
-0.65965 ; -0.19369
-0.6805 ; -0.097841
-0.61731 ; -0.097772
-0.625 ; -1.1481e-16
-0.097841 ; 0.6805
0 ; 0.625
-0.097772 ; 0.61731
-0.19314 ; 0.59441
-0.19369 ; 0.65965
-0.097772 ; 0.61731
-0.19314 ; 0.59441
-0.28374 ; 0.55688
-0.2856 ; 0.62537
-0.37169 ; 0.57836
-0.28374 ; 0.55688
-0.36737 ; 0.50564
-0.44194 ; 0.44194
-0.45022 ; 0.51958
-0.36737 ; 0.50564
-0.44194 ; 0.44194
-0.50564 ; 0.36737
-0.51958 ; 0.45022
-0.57836 ; 0.37169
-0.50564 ; 0.36737
-0.55688 ; 0.28374
-0.59441 ; 0.19314
-0.62537 ; 0.2856
-0.55688 ; 0.28374
-0.59441 ; 0.19314
-0.61731 ; 0.097772
-0.65965 ; 0.19369
-0.6805 ; 0.097841
-0.61731 ; 0.097772
-0.625 ; -1.1481e-16
0.097841 ; 0.6805
0 ; 0.625
0 ; 0.6875
0.097841 ; 0.6805
0.19369 ; 0.65965
0.097772 ; 0.61731
0.19314 ; 0.59441
0.19369 ; 0.65965
0.2856 ; 0.62537
0.37169 ; 0.57836
0.28374 ; 0.55688
0.2856 ; 0.62537
0.37169 ; 0.57836
0.45022 ; 0.51958
0.36737 ; 0.50564
0.44194 ; 0.44194
0.45022 ; 0.51958
0.51958 ; 0.45022
0.57836 ; 0.37169
0.50564 ; 0.36737
0.51958 ; 0.45022
0.57836 ; 0.37169
0.62537 ; 0.2856
0.55688 ; 0.28374
0.59441 ; 0.19314
0.62537 ; 0.2856
0.65965 ; 0.19369
0.6805 ; 0.097841
0.61731 ; 0.097772
0.65965 ; 0.19369
0.6805 ; 0.097841
0.6875 ; 1.9475e-16
0.625 ; 3.827e-17
0.097841 ; -0.6805
7.654e-17 ; -0.625
3.8951e-16 ; -0.6875
0.097841 ; -0.6805
0.19369 ; -0.65965
0.097772 ; -0.61731
0.19314 ; -0.59441
0.19369 ; -0.65965
0.2856 ; -0.62537
0.37169 ; -0.57836
0.28374 ; -0.55688
0.2856 ; -0.62537
0.37169 ; -0.57836
0.45022 ; -0.51958
0.36737 ; -0.50564
0.44194 ; -0.44194
0.45022 ; -0.51958
0.51958 ; -0.45022
0.57836 ; -0.37169
0.50564 ; -0.36737
0.51958 ; -0.45022
0.57836 ; -0.37169
0.62537 ; -0.2856
0.55688 ; -0.28374
0.59441 ; -0.19314
0.62537 ; -0.2856
0.65965 ; -0.19369
0.6805 ; -0.097841
0.61731 ; -0.097772
0.65965 ; -0.19369
0.6805 ; -0.097841
0.6875 ; 1.9475e-16
0.625 ; 3.827e-17
-0.097841 ; -0.6805
7.654e-17 ; -0.625
3.8951e-16 ; -0.6875
-0.097841 ; -0.6805
-0.19369 ; -0.65965
-0.097772 ; -0.61731
-0.19314 ; -0.59441
-0.19369 ; -0.65965
-0.2856 ; -0.62537
-0.37169 ; -0.57836
-0.28374 ; -0.55688
-0.2856 ; -0.62537
-0.37169 ; -0.57836
-0.45022 ; -0.51958
-0.36737 ; -0.50564
-0.44194 ; -0.44194
-0.45022 ; -0.51958
-0.51958 ; -0.45022
-0.57836 ; -0.37169
-0.50564 ; -0.36737
-0.51958 ; -0.45022
-0.57836 ; -0.37169
-0.62537 ; -0.2856
-0.55688 ; -0.28374
-0.59441 ; -0.19314
-0.62537 ; -0.2856
-0.65965 ; -0.19369
-0.6805 ; -0.097841
-0.61731 ; -0.097772
-0.65965 ; -0.19369
-0.6805 ; -0.097841
-0.6875 ; -1.2629e-16
-0.625 ; -1.1481e-16
-0.097841 ; 0.6805
0 ; 0.625
0 ; 0.6875
-0.097841 ; 0.6805
-0.19369 ; 0.65965
-0.097772 ; 0.61731
-0.19314 ; 0.59441
-0.19369 ; 0.65965
-0.2856 ; 0.62537
-0.37169 ; 0.57836
-0.28374 ; 0.55688
-0.2856 ; 0.62537
-0.37169 ; 0.57836
-0.45022 ; 0.51958
-0.36737 ; 0.50564
-0.44194 ; 0.44194
-0.45022 ; 0.51958
-0.51958 ; 0.45022
-0.57836 ; 0.37169
-0.50564 ; 0.36737
-0.51958 ; 0.45022
-0.57836 ; 0.37169
-0.62537 ; 0.2856
-0.55688 ; 0.28374
-0.59441 ; 0.19314
-0.62537 ; 0.2856
-0.65965 ; 0.19369
-0.6805 ; 0.097841
-0.61731 ; 0.097772
-0.65965 ; 0.19369
-0.6805 ; 0.097841
-0.6875 ; -1.2629e-16
-0.625 ; -1.1481e-16
0.097841 ; 0.6805
0.097895 ; 0.74358
0 ; 0.6875
0.097841 ; 0.6805
0.19369 ; 0.65965
0.19411 ; 0.72444
0.28701 ; 0.69291
0.19369 ; 0.65965
0.2856 ; 0.62537
0.37169 ; 0.57836
0.375 ; 0.64952
0.2856 ; 0.62537
0.37169 ; 0.57836
0.45022 ; 0.51958
0.45657 ; 0.59502
0.53033 ; 0.53033
0.45022 ; 0.51958
0.51958 ; 0.45022
0.57836 ; 0.37169
0.59502 ; 0.45657
0.51958 ; 0.45022
0.57836 ; 0.37169
0.62537 ; 0.2856
0.64952 ; 0.375
0.69291 ; 0.28701
0.62537 ; 0.2856
0.65965 ; 0.19369
0.6805 ; 0.097841
0.72444 ; 0.19411
0.65965 ; 0.19369
0.6805 ; 0.097841
0.6875 ; 1.9475e-16
0.74358 ; 0.097895
0.097841 ; -0.6805
0.097895 ; -0.74358
3.8951e-16 ; -0.6875
0.097841 ; -0.6805
0.19369 ; -0.65965
0.19411 ; -0.72444
0.28701 ; -0.69291
0.19369 ; -0.65965
0.2856 ; -0.62537
0.37169 ; -0.57836
0.375 ; -0.64952
0.2856 ; -0.62537
0.37169 ; -0.57836
0.45022 ; -0.51958
0.45657 ; -0.59502
0.53033 ; -0.53033
0.45022 ; -0.51958
0.51958 ; -0.45022
0.57836 ; -0.37169
0.59502 ; -0.45657
0.51958 ; -0.45022
0.57836 ; -0.37169
0.62537 ; -0.2856
0.64952 ; -0.375
0.69291 ; -0.28701
0.62537 ; -0.2856
0.65965 ; -0.19369
0.6805 ; -0.097841
0.72444 ; -0.19411
0.65965 ; -0.19369
0.6805 ; -0.097841
0.6875 ; 1.9475e-16
0.74358 ; -0.097895
-0.097841 ; -0.6805
-0.097895 ; -0.74358
3.8951e-16 ; -0.6875
-0.097841 ; -0.6805
-0.19369 ; -0.65965
-0.19411 ; -0.72444
-0.28701 ; -0.69291
-0.19369 ; -0.65965
-0.2856 ; -0.62537
-0.37169 ; -0.57836
-0.375 ; -0.64952
-0.2856 ; -0.62537
-0.37169 ; -0.57836
-0.45022 ; -0.51958
-0.45657 ; -0.59502
-0.53033 ; -0.53033
-0.45022 ; -0.51958
-0.51958 ; -0.45022
-0.57836 ; -0.37169
-0.59502 ; -0.45657
-0.51958 ; -0.45022
-0.57836 ; -0.37169
-0.62537 ; -0.2856
-0.64952 ; -0.375
-0.69291 ; -0.28701
-0.62537 ; -0.2856
-0.65965 ; -0.19369
-0.6805 ; -0.097841
-0.72444 ; -0.19411
-0.65965 ; -0.19369
-0.6805 ; -0.097841
-0.6875 ; -1.2629e-16
-0.74358 ; -0.097895
-0.097841 ; 0.6805
-0.097895 ; 0.74358
0 ; 0.6875
-0.097841 ; 0.6805
-0.19369 ; 0.65965
-0.19411 ; 0.72444
-0.28701 ; 0.69291
-0.19369 ; 0.65965
-0.2856 ; 0.62537
-0.37169 ; 0.57836
-0.375 ; 0.64952
-0.2856 ; 0.62537
-0.37169 ; 0.57836
-0.45022 ; 0.51958
-0.45657 ; 0.59502
-0.53033 ; 0.53033
-0.45022 ; 0.51958
-0.51958 ; 0.45022
-0.57836 ; 0.37169
-0.59502 ; 0.45657
-0.51958 ; 0.45022
-0.57836 ; 0.37169
-0.62537 ; 0.2856
-0.64952 ; 0.375
-0.69291 ; 0.28701
-0.62537 ; 0.2856
-0.65965 ; 0.19369
-0.6805 ; 0.097841
-0.72444 ; 0.19411
-0.65965 ; 0.19369
-0.6805 ; 0.097841
-0.6875 ; -1.2629e-16
-0.74358 ; 0.097895
0 ; 0.75
0.097895 ; 0.74358
0 ; 0.6875
0.097841 ; 0.6805
0.097895 ; 0.74358
0.19411 ; 0.72444
0.28701 ; 0.69291
0.19369 ; 0.65965
0.19411 ; 0.72444
0.28701 ; 0.69291
0.375 ; 0.64952
0.2856 ; 0.62537
0.37169 ; 0.57836
0.375 ; 0.64952
0.45657 ; 0.59502
0.53033 ; 0.53033
0.45022 ; 0.51958
0.45657 ; 0.59502
0.53033 ; 0.53033
0.59502 ; 0.45657
0.51958 ; 0.45022
0.57836 ; 0.37169
0.59502 ; 0.45657
0.64952 ; 0.375
0.69291 ; 0.28701
0.62537 ; 0.2856
0.64952 ; 0.375
0.69291 ; 0.28701
0.72444 ; 0.19411
0.65965 ; 0.19369
0.6805 ; 0.097841
0.72444 ; 0.19411
0.74358 ; 0.097895
0.75 ; 4.5924e-17
0.6875 ; 1.9475e-16
0.74358 ; 0.097895
9.1849e-17 ; -0.75
0.097895 ; -0.74358
3.8951e-16 ; -0.6875
0.097841 ; -0.6805
0.097895 ; -0.74358
0.19411 ; -0.72444
0.28701 ; -0.69291
0.19369 ; -0.65965
0.19411 ; -0.72444
0.28701 ; -0.69291
0.375 ; -0.64952
0.2856 ; -0.62537
0.37169 ; -0.57836
0.375 ; -0.64952
0.45657 ; -0.59502
0.53033 ; -0.53033
0.45022 ; -0.51958
0.45657 ; -0.59502
0.53033 ; -0.53033
0.59502 ; -0.45657
0.51958 ; -0.45022
0.57836 ; -0.37169
0.59502 ; -0.45657
0.64952 ; -0.375
0.69291 ; -0.28701
0.62537 ; -0.2856
0.64952 ; -0.375
0.69291 ; -0.28701
0.72444 ; -0.19411
0.65965 ; -0.19369
0.6805 ; -0.097841
0.72444 ; -0.19411
0.74358 ; -0.097895
0.75 ; 4.5924e-17
0.6875 ; 1.9475e-16
0.74358 ; -0.097895
9.1849e-17 ; -0.75
-0.097895 ; -0.74358
3.8951e-16 ; -0.6875
-0.097841 ; -0.6805
-0.097895 ; -0.74358
-0.19411 ; -0.72444
-0.28701 ; -0.69291
-0.19369 ; -0.65965
-0.19411 ; -0.72444
-0.28701 ; -0.69291
-0.375 ; -0.64952
-0.2856 ; -0.62537
-0.37169 ; -0.57836
-0.375 ; -0.64952
-0.45657 ; -0.59502
-0.53033 ; -0.53033
-0.45022 ; -0.51958
-0.45657 ; -0.59502
-0.53033 ; -0.53033
-0.59502 ; -0.45657
-0.51958 ; -0.45022
-0.57836 ; -0.37169
-0.59502 ; -0.45657
-0.64952 ; -0.375
-0.69291 ; -0.28701
-0.62537 ; -0.2856
-0.64952 ; -0.375
-0.69291 ; -0.28701
-0.72444 ; -0.19411
-0.65965 ; -0.19369
-0.6805 ; -0.097841
-0.72444 ; -0.19411
-0.74358 ; -0.097895
-0.75 ; -1.3777e-16
-0.6875 ; -1.2629e-16
-0.74358 ; -0.097895
0 ; 0.75
-0.097895 ; 0.74358
0 ; 0.6875
-0.097841 ; 0.6805
-0.097895 ; 0.74358
-0.19411 ; 0.72444
-0.28701 ; 0.69291
-0.19369 ; 0.65965
-0.19411 ; 0.72444
-0.28701 ; 0.69291
-0.375 ; 0.64952
-0.2856 ; 0.62537
-0.37169 ; 0.57836
-0.375 ; 0.64952
-0.45657 ; 0.59502
-0.53033 ; 0.53033
-0.45022 ; 0.51958
-0.45657 ; 0.59502
-0.53033 ; 0.53033
-0.59502 ; 0.45657
-0.51958 ; 0.45022
-0.57836 ; 0.37169
-0.59502 ; 0.45657
-0.64952 ; 0.375
-0.69291 ; 0.28701
-0.62537 ; 0.2856
-0.64952 ; 0.375
-0.69291 ; 0.28701
-0.72444 ; 0.19411
-0.65965 ; 0.19369
-0.6805 ; 0.097841
-0.72444 ; 0.19411
-0.74358 ; 0.097895
-0.75 ; -1.3777e-16
-0.6875 ; -1.2629e-16
-0.74358 ; 0.097895
0 ; 0.75
0.097895 ; 0.74358
0.097936 ; 0.80658
0.19444 ; 0.78889
0.097895 ; 0.74358
0.19411 ; 0.72444
0.28701 ; 0.69291
0.28812 ; 0.7597
0.19411 ; 0.72444
0.28701 ; 0.69291
0.375 ; 0.64952
0.37759 ; 0.71943
0.46155 ; 0.66867
0.375 ; 0.64952
0.45657 ; 0.59502
0.53033 ; 0.53033
0.53879 ; 0.60816
0.45657 ; 0.59502
0.53033 ; 0.53033
0.59502 ; 0.45657
0.60816 ; 0.53879
0.66867 ; 0.46155
0.59502 ; 0.45657
0.64952 ; 0.375
0.69291 ; 0.28701
0.71943 ; 0.37759
0.64952 ; 0.375
0.69291 ; 0.28701
0.72444 ; 0.19411
0.7597 ; 0.28812
0.78889 ; 0.19444
0.72444 ; 0.19411
0.74358 ; 0.097895
0.75 ; 4.5924e-17
0.80658 ; 0.097936
0.74358 ; 0.097895
9.1849e-17 ; -0.75
0.097895 ; -0.74358
0.097936 ; -0.80658
0.19444 ; -0.78889
0.097895 ; -0.74358
0.19411 ; -0.72444
0.28701 ; -0.69291
0.28812 ; -0.7597
0.19411 ; -0.72444
0.28701 ; -0.69291
0.375 ; -0.64952
0.37759 ; -0.71943
0.46155 ; -0.66867
0.375 ; -0.64952
0.45657 ; -0.59502
0.53033 ; -0.53033
0.53879 ; -0.60816
0.45657 ; -0.59502
0.53033 ; -0.53033
0.59502 ; -0.45657
0.60816 ; -0.53879
0.66867 ; -0.46155
0.59502 ; -0.45657
0.64952 ; -0.375
0.69291 ; -0.28701
0.71943 ; -0.37759
0.64952 ; -0.375
0.69291 ; -0.28701
0.72444 ; -0.19411
0.7597 ; -0.28812
0.78889 ; -0.19444
0.72444 ; -0.19411
0.74358 ; -0.097895
0.75 ; 4.5924e-17
0.80658 ; -0.097936
0.74358 ; -0.097895
9.1849e-17 ; -0.75
-0.097895 ; -0.74358
-0.097936 ; -0.80658
-0.19444 ; -0.78889
-0.097895 ; -0.74358
-0.19411 ; -0.72444
-0.28701 ; -0.69291
-0.28812 ; -0.7597
-0.19411 ; -0.72444
-0.28701 ; -0.69291
-0.375 ; -0.64952
-0.37759 ; -0.71943
-0.46155 ; -0.66867
-0.375 ; -0.64952
-0.45657 ; -0.59502
-0.53033 ; -0.53033
-0.53879 ; -0.60816
-0.45657 ; -0.59502
-0.53033 ; -0.53033
-0.59502 ; -0.45657
-0.60816 ; -0.53879
-0.66867 ; -0.46155
-0.59502 ; -0.45657
-0.64952 ; -0.375
-0.69291 ; -0.28701
-0.71943 ; -0.37759
-0.64952 ; -0.375
-0.69291 ; -0.28701
-0.72444 ; -0.19411
-0.7597 ; -0.28812
-0.78889 ; -0.19444
-0.72444 ; -0.19411
-0.74358 ; -0.097895
-0.75 ; -1.3777e-16
-0.80658 ; -0.097936
-0.74358 ; -0.097895
0 ; 0.75
-0.097895 ; 0.74358
-0.097936 ; 0.80658
-0.19444 ; 0.78889
-0.097895 ; 0.74358
-0.19411 ; 0.72444
-0.28701 ; 0.69291
-0.28812 ; 0.7597
-0.19411 ; 0.72444
-0.28701 ; 0.69291
-0.375 ; 0.64952
-0.37759 ; 0.71943
-0.46155 ; 0.66867
-0.375 ; 0.64952
-0.45657 ; 0.59502
-0.53033 ; 0.53033
-0.53879 ; 0.60816
-0.45657 ; 0.59502
-0.53033 ; 0.53033
-0.59502 ; 0.45657
-0.60816 ; 0.53879
-0.66867 ; 0.46155
-0.59502 ; 0.45657
-0.64952 ; 0.375
-0.69291 ; 0.28701
-0.71943 ; 0.37759
-0.64952 ; 0.375
-0.69291 ; 0.28701
-0.72444 ; 0.19411
-0.7597 ; 0.28812
-0.78889 ; 0.19444
-0.72444 ; 0.19411
-0.74358 ; 0.097895
-0.75 ; -1.3777e-16
-0.80658 ; 0.097936
-0.74358 ; 0.097895
0 ; 0.75
0 ; 0.8125
0.097936 ; 0.80658
0.19444 ; 0.78889
0.097895 ; 0.74358
0.097936 ; 0.80658
0.19444 ; 0.78889
0.28812 ; 0.7597
0.19411 ; 0.72444
0.28701 ; 0.69291
0.28812 ; 0.7597
0.37759 ; 0.71943
0.46155 ; 0.66867
0.375 ; 0.64952
0.37759 ; 0.71943
0.46155 ; 0.66867
0.53879 ; 0.60816
0.45657 ; 0.59502
0.53033 ; 0.53033
0.53879 ; 0.60816
0.60816 ; 0.53879
0.66867 ; 0.46155
0.59502 ; 0.45657
0.60816 ; 0.53879
0.66867 ; 0.46155
0.71943 ; 0.37759
0.64952 ; 0.375
0.69291 ; 0.28701
0.71943 ; 0.37759
0.7597 ; 0.28812
0.78889 ; 0.19444
0.72444 ; 0.19411
0.7597 ; 0.28812
0.78889 ; 0.19444
0.80658 ; 0.097936
0.74358 ; 0.097895
0.75 ; 4.5924e-17
0.80658 ; 0.097936
0.8125 ; -1.3066e-16
9.1849e-17 ; -0.75
-2.6132e-16 ; -0.8125
0.097936 ; -0.80658
0.19444 ; -0.78889
0.097895 ; -0.74358
0.097936 ; -0.80658
0.19444 ; -0.78889
0.28812 ; -0.7597
0.19411 ; -0.72444
0.28701 ; -0.69291
0.28812 ; -0.7597
0.37759 ; -0.71943
0.46155 ; -0.66867
0.375 ; -0.64952
0.37759 ; -0.71943
0.46155 ; -0.66867
0.53879 ; -0.60816
0.45657 ; -0.59502
0.53033 ; -0.53033
0.53879 ; -0.60816
0.60816 ; -0.53879
0.66867 ; -0.46155
0.59502 ; -0.45657
0.60816 ; -0.53879
0.66867 ; -0.46155
0.71943 ; -0.37759
0.64952 ; -0.375
0.69291 ; -0.28701
0.71943 ; -0.37759
0.7597 ; -0.28812
0.78889 ; -0.19444
0.72444 ; -0.19411
0.7597 ; -0.28812
0.78889 ; -0.19444
0.80658 ; -0.097936
0.74358 ; -0.097895
0.75 ; 4.5924e-17
0.80658 ; -0.097936
0.8125 ; -1.3066e-16
9.1849e-17 ; -0.75
-2.6132e-16 ; -0.8125
-0.097936 ; -0.80658
-0.19444 ; -0.78889
-0.097895 ; -0.74358
-0.097936 ; -0.80658
-0.19444 ; -0.78889
-0.28812 ; -0.7597
-0.19411 ; -0.72444
-0.28701 ; -0.69291
-0.28812 ; -0.7597
-0.37759 ; -0.71943
-0.46155 ; -0.66867
-0.375 ; -0.64952
-0.37759 ; -0.71943
-0.46155 ; -0.66867
-0.53879 ; -0.60816
-0.45657 ; -0.59502
-0.53033 ; -0.53033
-0.53879 ; -0.60816
-0.60816 ; -0.53879
-0.66867 ; -0.46155
-0.59502 ; -0.45657
-0.60816 ; -0.53879
-0.66867 ; -0.46155
-0.71943 ; -0.37759
-0.64952 ; -0.375
-0.69291 ; -0.28701
-0.71943 ; -0.37759
-0.7597 ; -0.28812
-0.78889 ; -0.19444
-0.72444 ; -0.19411
-0.7597 ; -0.28812
-0.78889 ; -0.19444
-0.80658 ; -0.097936
-0.74358 ; -0.097895
-0.75 ; -1.3777e-16
-0.80658 ; -0.097936
-0.8125 ; -1.4925e-16
0 ; 0.75
0 ; 0.8125
-0.097936 ; 0.80658
-0.19444 ; 0.78889
-0.097895 ; 0.74358
-0.097936 ; 0.80658
-0.19444 ; 0.78889
-0.28812 ; 0.7597
-0.19411 ; 0.72444
-0.28701 ; 0.69291
-0.28812 ; 0.7597
-0.37759 ; 0.71943
-0.46155 ; 0.66867
-0.375 ; 0.64952
-0.37759 ; 0.71943
-0.46155 ; 0.66867
-0.53879 ; 0.60816
-0.45657 ; 0.59502
-0.53033 ; 0.53033
-0.53879 ; 0.60816
-0.60816 ; 0.53879
-0.66867 ; 0.46155
-0.59502 ; 0.45657
-0.60816 ; 0.53879
-0.66867 ; 0.46155
-0.71943 ; 0.37759
-0.64952 ; 0.375
-0.69291 ; 0.28701
-0.71943 ; 0.37759
-0.7597 ; 0.28812
-0.78889 ; 0.19444
-0.72444 ; 0.19411
-0.7597 ; 0.28812
-0.78889 ; 0.19444
-0.80658 ; 0.097936
-0.74358 ; 0.097895
-0.75 ; -1.3777e-16
-0.80658 ; 0.097936
-0.8125 ; -1.4925e-16
0.097969 ; 0.8695
0 ; 0.8125
0.097936 ; 0.80658
0.19444 ; 0.78889
0.19471 ; 0.85306
0.097936 ; 0.80658
0.19444 ; 0.78889
0.28812 ; 0.7597
0.28899 ; 0.8259
0.37965 ; 0.78835
0.28812 ; 0.7597
0.37759 ; 0.71943
0.46155 ; 0.66867
0.46553 ; 0.74088
0.37759 ; 0.71943
0.46155 ; 0.66867
0.53879 ; 0.60816
0.54555 ; 0.6841
0.61872 ; 0.61872
0.53879 ; 0.60816
0.60816 ; 0.53879
0.66867 ; 0.46155
0.6841 ; 0.54555
0.60816 ; 0.53879
0.66867 ; 0.46155
0.71943 ; 0.37759
0.74088 ; 0.46553
0.78835 ; 0.37965
0.71943 ; 0.37759
0.7597 ; 0.28812
0.78889 ; 0.19444
0.8259 ; 0.28899
0.7597 ; 0.28812
0.78889 ; 0.19444
0.80658 ; 0.097936
0.85306 ; 0.19471
0.8695 ; 0.097969
0.80658 ; 0.097936
0.8125 ; -1.3066e-16
0.097969 ; -0.8695
-2.6132e-16 ; -0.8125
0.097936 ; -0.80658
0.19444 ; -0.78889
0.19471 ; -0.85306
0.097936 ; -0.80658
0.19444 ; -0.78889
0.28812 ; -0.7597
0.28899 ; -0.8259
0.37965 ; -0.78835
0.28812 ; -0.7597
0.37759 ; -0.71943
0.46155 ; -0.66867
0.46553 ; -0.74088
0.37759 ; -0.71943
0.46155 ; -0.66867
0.53879 ; -0.60816
0.54555 ; -0.6841
0.61872 ; -0.61872
0.53879 ; -0.60816
0.60816 ; -0.53879
0.66867 ; -0.46155
0.6841 ; -0.54555
0.60816 ; -0.53879
0.66867 ; -0.46155
0.71943 ; -0.37759
0.74088 ; -0.46553
0.78835 ; -0.37965
0.71943 ; -0.37759
0.7597 ; -0.28812
0.78889 ; -0.19444
0.8259 ; -0.28899
0.7597 ; -0.28812
0.78889 ; -0.19444
0.80658 ; -0.097936
0.85306 ; -0.19471
0.8695 ; -0.097969
0.80658 ; -0.097936
0.8125 ; -1.3066e-16
-0.097969 ; -0.8695
-2.6132e-16 ; -0.8125
-0.097936 ; -0.80658
-0.19444 ; -0.78889
-0.19471 ; -0.85306
-0.097936 ; -0.80658
-0.19444 ; -0.78889
-0.28812 ; -0.7597
-0.28899 ; -0.8259
-0.37965 ; -0.78835
-0.28812 ; -0.7597
-0.37759 ; -0.71943
-0.46155 ; -0.66867
-0.46553 ; -0.74088
-0.37759 ; -0.71943
-0.46155 ; -0.66867
-0.53879 ; -0.60816
-0.54555 ; -0.6841
-0.61872 ; -0.61872
-0.53879 ; -0.60816
-0.60816 ; -0.53879
-0.66867 ; -0.46155
-0.6841 ; -0.54555
-0.60816 ; -0.53879
-0.66867 ; -0.46155
-0.71943 ; -0.37759
-0.74088 ; -0.46553
-0.78835 ; -0.37965
-0.71943 ; -0.37759
-0.7597 ; -0.28812
-0.78889 ; -0.19444
-0.8259 ; -0.28899
-0.7597 ; -0.28812
-0.78889 ; -0.19444
-0.80658 ; -0.097936
-0.85306 ; -0.19471
-0.8695 ; -0.097969
-0.80658 ; -0.097936
-0.8125 ; -1.4925e-16
-0.097969 ; 0.8695
0 ; 0.8125
-0.097936 ; 0.80658
-0.19444 ; 0.78889
-0.19471 ; 0.85306
-0.097936 ; 0.80658
-0.19444 ; 0.78889
-0.28812 ; 0.7597
-0.28899 ; 0.8259
-0.37965 ; 0.78835
-0.28812 ; 0.7597
-0.37759 ; 0.71943
-0.46155 ; 0.66867
-0.46553 ; 0.74088
-0.37759 ; 0.71943
-0.46155 ; 0.66867
-0.53879 ; 0.60816
-0.54555 ; 0.6841
-0.61872 ; 0.61872
-0.53879 ; 0.60816
-0.60816 ; 0.53879
-0.66867 ; 0.46155
-0.6841 ; 0.54555
-0.60816 ; 0.53879
-0.66867 ; 0.46155
-0.71943 ; 0.37759
-0.74088 ; 0.46553
-0.78835 ; 0.37965
-0.71943 ; 0.37759
-0.7597 ; 0.28812
-0.78889 ; 0.19444
-0.8259 ; 0.28899
-0.7597 ; 0.28812
-0.78889 ; 0.19444
-0.80658 ; 0.097936
-0.85306 ; 0.19471
-0.8695 ; 0.097969
-0.80658 ; 0.097936
-0.8125 ; -1.4925e-16
0.097969 ; 0.8695
0 ; 0.8125
0 ; 0.875
0.097969 ; 0.8695
0.19471 ; 0.85306
0.097936 ; 0.80658
0.19444 ; 0.78889
0.19471 ; 0.85306
0.28899 ; 0.8259
0.37965 ; 0.78835
0.28812 ; 0.7597
0.28899 ; 0.8259
0.37965 ; 0.78835
0.46553 ; 0.74088
0.37759 ; 0.71943
0.46155 ; 0.66867
0.46553 ; 0.74088
0.54555 ; 0.6841
0.61872 ; 0.61872
0.53879 ; 0.60816
0.54555 ; 0.6841
0.61872 ; 0.61872
0.6841 ; 0.54555
0.60816 ; 0.53879
0.66867 ; 0.46155
0.6841 ; 0.54555
0.74088 ; 0.46553
0.78835 ; 0.37965
0.71943 ; 0.37759
0.74088 ; 0.46553
0.78835 ; 0.37965
0.8259 ; 0.28899
0.7597 ; 0.28812
0.78889 ; 0.19444
0.8259 ; 0.28899
0.85306 ; 0.19471
0.8695 ; 0.097969
0.80658 ; 0.097936
0.85306 ; 0.19471
0.8695 ; 0.097969
0.875 ; 5.3578e-17
0.8125 ; -1.3066e-16
0.097969 ; -0.8695
-2.6132e-16 ; -0.8125
1.0716e-16 ; -0.875
0.097969 ; -0.8695
0.19471 ; -0.85306
0.097936 ; -0.80658
0.19444 ; -0.78889
0.19471 ; -0.85306
0.28899 ; -0.8259
0.37965 ; -0.78835
0.28812 ; -0.7597
0.28899 ; -0.8259
0.37965 ; -0.78835
0.46553 ; -0.74088
0.37759 ; -0.71943
0.46155 ; -0.66867
0.46553 ; -0.74088
0.54555 ; -0.6841
0.61872 ; -0.61872
0.53879 ; -0.60816
0.54555 ; -0.6841
0.61872 ; -0.61872
0.6841 ; -0.54555
0.60816 ; -0.53879
0.66867 ; -0.46155
0.6841 ; -0.54555
0.74088 ; -0.46553
0.78835 ; -0.37965
0.71943 ; -0.37759
0.74088 ; -0.46553
0.78835 ; -0.37965
0.8259 ; -0.28899
0.7597 ; -0.28812
0.78889 ; -0.19444
0.8259 ; -0.28899
0.85306 ; -0.19471
0.8695 ; -0.097969
0.80658 ; -0.097936
0.85306 ; -0.19471
0.8695 ; -0.097969
0.875 ; 5.3578e-17
0.8125 ; -1.3066e-16
-0.097969 ; -0.8695
-2.6132e-16 ; -0.8125
1.0716e-16 ; -0.875
-0.097969 ; -0.8695
-0.19471 ; -0.85306
-0.097936 ; -0.80658
-0.19444 ; -0.78889
-0.19471 ; -0.85306
-0.28899 ; -0.8259
-0.37965 ; -0.78835
-0.28812 ; -0.7597
-0.28899 ; -0.8259
-0.37965 ; -0.78835
-0.46553 ; -0.74088
-0.37759 ; -0.71943
-0.46155 ; -0.66867
-0.46553 ; -0.74088
-0.54555 ; -0.6841
-0.61872 ; -0.61872
-0.53879 ; -0.60816
-0.54555 ; -0.6841
-0.61872 ; -0.61872
-0.6841 ; -0.54555
-0.60816 ; -0.53879
-0.66867 ; -0.46155
-0.6841 ; -0.54555
-0.74088 ; -0.46553
-0.78835 ; -0.37965
-0.71943 ; -0.37759
-0.74088 ; -0.46553
-0.78835 ; -0.37965
-0.8259 ; -0.28899
-0.7597 ; -0.28812
-0.78889 ; -0.19444
-0.8259 ; -0.28899
-0.85306 ; -0.19471
-0.8695 ; -0.097969
-0.80658 ; -0.097936
-0.85306 ; -0.19471
-0.8695 ; -0.097969
-0.875 ; -1.6073e-16
-0.8125 ; -1.4925e-16
-0.097969 ; 0.8695
0 ; 0.8125
0 ; 0.875
-0.097969 ; 0.8695
-0.19471 ; 0.85306
-0.097936 ; 0.80658
-0.19444 ; 0.78889
-0.19471 ; 0.85306
-0.28899 ; 0.8259
-0.37965 ; 0.78835
-0.28812 ; 0.7597
-0.28899 ; 0.8259
-0.37965 ; 0.78835
-0.46553 ; 0.74088
-0.37759 ; 0.71943
-0.46155 ; 0.66867
-0.46553 ; 0.74088
-0.54555 ; 0.6841
-0.61872 ; 0.61872
-0.53879 ; 0.60816
-0.54555 ; 0.6841
-0.61872 ; 0.61872
-0.6841 ; 0.54555
-0.60816 ; 0.53879
-0.66867 ; 0.46155
-0.6841 ; 0.54555
-0.74088 ; 0.46553
-0.78835 ; 0.37965
-0.71943 ; 0.37759
-0.74088 ; 0.46553
-0.78835 ; 0.37965
-0.8259 ; 0.28899
-0.7597 ; 0.28812
-0.78889 ; 0.19444
-0.8259 ; 0.28899
-0.85306 ; 0.19471
-0.8695 ; 0.097969
-0.80658 ; 0.097936
-0.85306 ; 0.19471
-0.8695 ; 0.097969
-0.875 ; -1.6073e-16
-0.8125 ; -1.4925e-16
0.097969 ; 0.8695
0.097995 ; 0.93236
0 ; 0.875
0.097969 ; 0.8695
0.19471 ; 0.85306
0.19492 ; 0.91701
0.2897 ; 0.89162
0.19471 ; 0.85306
0.28899 ; 0.8259
0.37965 ; 0.78835
0.38132 ; 0.85645
0.28899 ; 0.8259
0.37965 ; 0.78835
0.46553 ; 0.74088
0.46875 ; 0.8119
0.55105 ; 0.75845
0.46553 ; 0.74088
0.54555 ; 0.6841
0.61872 ; 0.61872
0.62731 ; 0.6967
0.54555 ; 0.6841
0.61872 ; 0.61872
0.6841 ; 0.54555
0.6967 ; 0.62731
0.75845 ; 0.55105
0.6841 ; 0.54555
0.74088 ; 0.46553
0.78835 ; 0.37965
0.8119 ; 0.46875
0.74088 ; 0.46553
0.78835 ; 0.37965
0.8259 ; 0.28899
0.85645 ; 0.38132
0.89162 ; 0.2897
0.8259 ; 0.28899
0.85306 ; 0.19471
0.8695 ; 0.097969
0.91701 ; 0.19492
0.85306 ; 0.19471
0.8695 ; 0.097969
0.875 ; 5.3578e-17
0.93236 ; 0.097995
0.097969 ; -0.8695
0.097995 ; -0.93236
1.0716e-16 ; -0.875
0.097969 ; -0.8695
0.19471 ; -0.85306
0.19492 ; -0.91701
0.2897 ; -0.89162
0.19471 ; -0.85306
0.28899 ; -0.8259
0.37965 ; -0.78835
0.38132 ; -0.85645
0.28899 ; -0.8259
0.37965 ; -0.78835
0.46553 ; -0.74088
0.46875 ; -0.8119
0.55105 ; -0.75845
0.46553 ; -0.74088
0.54555 ; -0.6841
0.61872 ; -0.61872
0.62731 ; -0.6967
0.54555 ; -0.6841
0.61872 ; -0.61872
0.6841 ; -0.54555
0.6967 ; -0.62731
0.75845 ; -0.55105
0.6841 ; -0.54555
0.74088 ; -0.46553
0.78835 ; -0.37965
0.8119 ; -0.46875
0.74088 ; -0.46553
0.78835 ; -0.37965
0.8259 ; -0.28899
0.85645 ; -0.38132
0.89162 ; -0.2897
0.8259 ; -0.28899
0.85306 ; -0.19471
0.8695 ; -0.097969
0.91701 ; -0.19492
0.85306 ; -0.19471
0.8695 ; -0.097969
0.875 ; 5.3578e-17
0.93236 ; -0.097995
-0.097969 ; -0.8695
-0.097995 ; -0.93236
1.0716e-16 ; -0.875
-0.097969 ; -0.8695
-0.19471 ; -0.85306
-0.19492 ; -0.91701
-0.2897 ; -0.89162
-0.19471 ; -0.85306
-0.28899 ; -0.8259
-0.37965 ; -0.78835
-0.38132 ; -0.85645
-0.28899 ; -0.8259
-0.37965 ; -0.78835
-0.46553 ; -0.74088
-0.46875 ; -0.8119
-0.55105 ; -0.75845
-0.46553 ; -0.74088
-0.54555 ; -0.6841
-0.61872 ; -0.61872
-0.62731 ; -0.6967
-0.54555 ; -0.6841
-0.61872 ; -0.61872
-0.6841 ; -0.54555
-0.6967 ; -0.62731
-0.75845 ; -0.55105
-0.6841 ; -0.54555
-0.74088 ; -0.46553
-0.78835 ; -0.37965
-0.8119 ; -0.46875
-0.74088 ; -0.46553
-0.78835 ; -0.37965
-0.8259 ; -0.28899
-0.85645 ; -0.38132
-0.89162 ; -0.2897
-0.8259 ; -0.28899
-0.85306 ; -0.19471
-0.8695 ; -0.097969
-0.91701 ; -0.19492
-0.85306 ; -0.19471
-0.8695 ; -0.097969
-0.875 ; -1.6073e-16
-0.93236 ; -0.097995
-0.097969 ; 0.8695
-0.097995 ; 0.93236
0 ; 0.875
-0.097969 ; 0.8695
-0.19471 ; 0.85306
-0.19492 ; 0.91701
-0.2897 ; 0.89162
-0.19471 ; 0.85306
-0.28899 ; 0.8259
-0.37965 ; 0.78835
-0.38132 ; 0.85645
-0.28899 ; 0.8259
-0.37965 ; 0.78835
-0.46553 ; 0.74088
-0.46875 ; 0.8119
-0.55105 ; 0.75845
-0.46553 ; 0.74088
-0.54555 ; 0.6841
-0.61872 ; 0.61872
-0.62731 ; 0.6967
-0.54555 ; 0.6841
-0.61872 ; 0.61872
-0.6841 ; 0.54555
-0.6967 ; 0.62731
-0.75845 ; 0.55105
-0.6841 ; 0.54555
-0.74088 ; 0.46553
-0.78835 ; 0.37965
-0.8119 ; 0.46875
-0.74088 ; 0.46553
-0.78835 ; 0.37965
-0.8259 ; 0.28899
-0.85645 ; 0.38132
-0.89162 ; 0.2897
-0.8259 ; 0.28899
-0.85306 ; 0.19471
-0.8695 ; 0.097969
-0.91701 ; 0.19492
-0.85306 ; 0.19471
-0.8695 ; 0.097969
-0.875 ; -1.6073e-16
-0.93236 ; 0.097995
0 ; 0.9375
0.097995 ; 0.93236
0 ; 0.875
0.097969 ; 0.8695
0.097995 ; 0.93236
0.19492 ; 0.91701
0.2897 ; 0.89162
0.19471 ; 0.85306
0.19492 ; 0.91701
0.2897 ; 0.89162
0.38132 ; 0.85645
0.28899 ; 0.8259
0.37965 ; 0.78835
0.38132 ; 0.85645
0.46875 ; 0.8119
0.55105 ; 0.75845
0.46553 ; 0.74088
0.46875 ; 0.8119
0.55105 ; 0.75845
0.62731 ; 0.6967
0.54555 ; 0.6841
0.61872 ; 0.61872
0.62731 ; 0.6967
0.6967 ; 0.62731
0.75845 ; 0.55105
0.6841 ; 0.54555
0.6967 ; 0.62731
0.75845 ; 0.55105
0.8119 ; 0.46875
0.74088 ; 0.46553
0.78835 ; 0.37965
0.8119 ; 0.46875
0.85645 ; 0.38132
0.89162 ; 0.2897
0.8259 ; 0.28899
0.85645 ; 0.38132
0.89162 ; 0.2897
0.91701 ; 0.19492
0.85306 ; 0.19471
0.8695 ; 0.097969
0.91701 ; 0.19492
0.93236 ; 0.097995
0.9375 ; 2.6557e-16
0.875 ; 5.3578e-17
0.93236 ; 0.097995
5.3114e-16 ; -0.9375
0.097995 ; -0.93236
1.0716e-16 ; -0.875
0.097969 ; -0.8695
0.097995 ; -0.93236
0.19492 ; -0.91701
0.2897 ; -0.89162
0.19471 ; -0.85306
0.19492 ; -0.91701
0.2897 ; -0.89162
0.38132 ; -0.85645
0.28899 ; -0.8259
0.37965 ; -0.78835
0.38132 ; -0.85645
0.46875 ; -0.8119
0.55105 ; -0.75845
0.46553 ; -0.74088
0.46875 ; -0.8119
0.55105 ; -0.75845
0.62731 ; -0.6967
0.54555 ; -0.6841
0.61872 ; -0.61872
0.62731 ; -0.6967
0.6967 ; -0.62731
0.75845 ; -0.55105
0.6841 ; -0.54555
0.6967 ; -0.62731
0.75845 ; -0.55105
0.8119 ; -0.46875
0.74088 ; -0.46553
0.78835 ; -0.37965
0.8119 ; -0.46875
0.85645 ; -0.38132
0.89162 ; -0.2897
0.8259 ; -0.28899
0.85645 ; -0.38132
0.89162 ; -0.2897
0.91701 ; -0.19492
0.85306 ; -0.19471
0.8695 ; -0.097969
0.91701 ; -0.19492
0.93236 ; -0.097995
0.9375 ; 2.6557e-16
0.875 ; 5.3578e-17
0.93236 ; -0.097995
5.3114e-16 ; -0.9375
-0.097995 ; -0.93236
1.0716e-16 ; -0.875
-0.097969 ; -0.8695
-0.097995 ; -0.93236
-0.19492 ; -0.91701
-0.2897 ; -0.89162
-0.19471 ; -0.85306
-0.19492 ; -0.91701
-0.2897 ; -0.89162
-0.38132 ; -0.85645
-0.28899 ; -0.8259
-0.37965 ; -0.78835
-0.38132 ; -0.85645
-0.46875 ; -0.8119
-0.55105 ; -0.75845
-0.46553 ; -0.74088
-0.46875 ; -0.8119
-0.55105 ; -0.75845
-0.62731 ; -0.6967
-0.54555 ; -0.6841
-0.61872 ; -0.61872
-0.62731 ; -0.6967
-0.6967 ; -0.62731
-0.75845 ; -0.55105
-0.6841 ; -0.54555
-0.6967 ; -0.62731
-0.75845 ; -0.55105
-0.8119 ; -0.46875
-0.74088 ; -0.46553
-0.78835 ; -0.37965
-0.8119 ; -0.46875
-0.85645 ; -0.38132
-0.89162 ; -0.2897
-0.8259 ; -0.28899
-0.85645 ; -0.38132
-0.89162 ; -0.2897
-0.91701 ; -0.19492
-0.85306 ; -0.19471
-0.8695 ; -0.097969
-0.91701 ; -0.19492
-0.93236 ; -0.097995
-0.9375 ; -1.7222e-16
-0.875 ; -1.6073e-16
-0.93236 ; -0.097995
0 ; 0.9375
-0.097995 ; 0.93236
0 ; 0.875
-0.097969 ; 0.8695
-0.097995 ; 0.93236
-0.19492 ; 0.91701
-0.2897 ; 0.89162
-0.19471 ; 0.85306
-0.19492 ; 0.91701
-0.2897 ; 0.89162
-0.38132 ; 0.85645
-0.28899 ; 0.8259
-0.37965 ; 0.78835
-0.38132 ; 0.85645
-0.46875 ; 0.8119
-0.55105 ; 0.75845
-0.46553 ; 0.74088
-0.46875 ; 0.8119
-0.55105 ; 0.75845
-0.62731 ; 0.6967
-0.54555 ; 0.6841
-0.61872 ; 0.61872
-0.62731 ; 0.6967
-0.6967 ; 0.62731
-0.75845 ; 0.55105
-0.6841 ; 0.54555
-0.6967 ; 0.62731
-0.75845 ; 0.55105
-0.8119 ; 0.46875
-0.74088 ; 0.46553
-0.78835 ; 0.37965
-0.8119 ; 0.46875
-0.85645 ; 0.38132
-0.89162 ; 0.2897
-0.8259 ; 0.28899
-0.85645 ; 0.38132
-0.89162 ; 0.2897
-0.91701 ; 0.19492
-0.85306 ; 0.19471
-0.8695 ; 0.097969
-0.91701 ; 0.19492
-0.93236 ; 0.097995
-0.9375 ; -1.7222e-16
-0.875 ; -1.6073e-16
-0.93236 ; 0.097995
0 ; 0.9375
0.097995 ; 0.93236
0.098017 ; 0.99518
0.19509 ; 0.98079
0.097995 ; 0.93236
0.19492 ; 0.91701
0.2897 ; 0.89162
0.29028 ; 0.95694
0.19492 ; 0.91701
0.2897 ; 0.89162
0.38132 ; 0.85645
0.38268 ; 0.92388
0.4714 ; 0.88192
0.38132 ; 0.85645
0.46875 ; 0.8119
0.55105 ; 0.75845
0.55557 ; 0.83147
0.46875 ; 0.8119
0.55105 ; 0.75845
0.62731 ; 0.6967
0.63439 ; 0.77301
0.70711 ; 0.70711
0.62731 ; 0.6967
0.6967 ; 0.62731
0.75845 ; 0.55105
0.77301 ; 0.63439
0.6967 ; 0.62731
0.75845 ; 0.55105
0.8119 ; 0.46875
0.83147 ; 0.55557
0.88192 ; 0.4714
0.8119 ; 0.46875
0.85645 ; 0.38132
0.89162 ; 0.2897
0.92388 ; 0.38268
0.85645 ; 0.38132
0.89162 ; 0.2897
0.91701 ; 0.19492
0.95694 ; 0.29028
0.98079 ; 0.19509
0.91701 ; 0.19492
0.93236 ; 0.097995
0.9375 ; 2.6557e-16
0.99518 ; 0.098017
0.93236 ; 0.097995
5.3114e-16 ; -0.9375
0.097995 ; -0.93236
0.098017 ; -0.99518
0.19509 ; -0.98079
0.097995 ; -0.93236
0.19492 ; -0.91701
0.2897 ; -0.89162
0.29028 ; -0.95694
0.19492 ; -0.91701
0.2897 ; -0.89162
0.38132 ; -0.85645
0.38268 ; -0.92388
0.4714 ; -0.88192
0.38132 ; -0.85645
0.46875 ; -0.8119
0.55105 ; -0.75845
0.55557 ; -0.83147
0.46875 ; -0.8119
0.55105 ; -0.75845
0.62731 ; -0.6967
0.63439 ; -0.77301
0.70711 ; -0.70711
0.62731 ; -0.6967
0.6967 ; -0.62731
0.75845 ; -0.55105
0.77301 ; -0.63439
0.6967 ; -0.62731
0.75845 ; -0.55105
0.8119 ; -0.46875
0.83147 ; -0.55557
0.88192 ; -0.4714
0.8119 ; -0.46875
0.85645 ; -0.38132
0.89162 ; -0.2897
0.92388 ; -0.38268
0.85645 ; -0.38132
0.89162 ; -0.2897
0.91701 ; -0.19492
0.95694 ; -0.29028
0.98079 ; -0.19509
0.91701 ; -0.19492
0.93236 ; -0.097995
0.9375 ; 2.6557e-16
0.99518 ; -0.098017
0.93236 ; -0.097995
5.3114e-16 ; -0.9375
-0.097995 ; -0.93236
-0.098017 ; -0.99518
-0.19509 ; -0.98079
-0.097995 ; -0.93236
-0.19492 ; -0.91701
-0.2897 ; -0.89162
-0.29028 ; -0.95694
-0.19492 ; -0.91701
-0.2897 ; -0.89162
-0.38132 ; -0.85645
-0.38268 ; -0.92388
-0.4714 ; -0.88192
-0.38132 ; -0.85645
-0.46875 ; -0.8119
-0.55105 ; -0.75845
-0.55557 ; -0.83147
-0.46875 ; -0.8119
-0.55105 ; -0.75845
-0.62731 ; -0.6967
-0.63439 ; -0.77301
-0.70711 ; -0.70711
-0.62731 ; -0.6967
-0.6967 ; -0.62731
-0.75845 ; -0.55105
-0.77301 ; -0.63439
-0.6967 ; -0.62731
-0.75845 ; -0.55105
-0.8119 ; -0.46875
-0.83147 ; -0.55557
-0.88192 ; -0.4714
-0.8119 ; -0.46875
-0.85645 ; -0.38132
-0.89162 ; -0.2897
-0.92388 ; -0.38268
-0.85645 ; -0.38132
-0.89162 ; -0.2897
-0.91701 ; -0.19492
-0.95694 ; -0.29028
-0.98079 ; -0.19509
-0.91701 ; -0.19492
-0.93236 ; -0.097995
-0.9375 ; -1.7222e-16
-0.99518 ; -0.098017
-0.93236 ; -0.097995
0 ; 0.9375
-0.097995 ; 0.93236
-0.098017 ; 0.99518
-0.19509 ; 0.98079
-0.097995 ; 0.93236
-0.19492 ; 0.91701
-0.2897 ; 0.89162
-0.29028 ; 0.95694
-0.19492 ; 0.91701
-0.2897 ; 0.89162
-0.38132 ; 0.85645
-0.38268 ; 0.92388
-0.4714 ; 0.88192
-0.38132 ; 0.85645
-0.46875 ; 0.8119
-0.55105 ; 0.75845
-0.55557 ; 0.83147
-0.46875 ; 0.8119
-0.55105 ; 0.75845
-0.62731 ; 0.6967
-0.63439 ; 0.77301
-0.70711 ; 0.70711
-0.62731 ; 0.6967
-0.6967 ; 0.62731
-0.75845 ; 0.55105
-0.77301 ; 0.63439
-0.6967 ; 0.62731
-0.75845 ; 0.55105
-0.8119 ; 0.46875
-0.83147 ; 0.55557
-0.88192 ; 0.4714
-0.8119 ; 0.46875
-0.85645 ; 0.38132
-0.89162 ; 0.2897
-0.92388 ; 0.38268
-0.85645 ; 0.38132
-0.89162 ; 0.2897
-0.91701 ; 0.19492
-0.95694 ; 0.29028
-0.98079 ; 0.19509
-0.91701 ; 0.19492
-0.93236 ; 0.097995
-0.9375 ; -1.7222e-16
-0.99518 ; 0.098017
-0.93236 ; 0.097995
0 ; 0.9375
0 ; 1
0.098017 ; 0.99518
0.19509 ; 0.98079
0.097995 ; 0.93236
0.098017 ; 0.99518
0.19509 ; 0.98079
0.29028 ; 0.95694
0.19492 ; 0.91701
0.2897 ; 0.89162
0.29028 ; 0.95694
0.38268 ; 0.92388
0.4714 ; 0.88192
0.38132 ; 0.85645
0.38268 ; 0.92388
0.4714 ; 0.88192
0.55557 ; 0.83147
0.46875 ; 0.8119
0.55105 ; 0.75845
0.55557 ; 0.83147
0.63439 ; 0.77301
0.70711 ; 0.70711
0.62731 ; 0.6967
0.63439 ; 0.77301
0.70711 ; 0.70711
0.77301 ; 0.63439
0.6967 ; 0.62731
0.75845 ; 0.55105
0.77301 ; 0.63439
0.83147 ; 0.55557
0.88192 ; 0.4714
0.8119 ; 0.46875
0.83147 ; 0.55557
0.88192 ; 0.4714
0.92388 ; 0.38268
0.85645 ; 0.38132
0.89162 ; 0.2897
0.92388 ; 0.38268
0.95694 ; 0.29028
0.98079 ; 0.19509
0.91701 ; 0.19492
0.95694 ; 0.29028
0.98079 ; 0.19509
0.99518 ; 0.098017
0.93236 ; 0.097995
0.9375 ; 2.6557e-16
0.99518 ; 0.098017
1 ; 6.1232e-17
5.3114e-16 ; -0.9375
1.2246e-16 ; -1
0.098017 ; -0.99518
0.19509 ; -0.98079
0.097995 ; -0.93236
0.098017 ; -0.99518
0.19509 ; -0.98079
0.29028 ; -0.95694
0.19492 ; -0.91701
0.2897 ; -0.89162
0.29028 ; -0.95694
0.38268 ; -0.92388
0.4714 ; -0.88192
0.38132 ; -0.85645
0.38268 ; -0.92388
0.4714 ; -0.88192
0.55557 ; -0.83147
0.46875 ; -0.8119
0.55105 ; -0.75845
0.55557 ; -0.83147
0.63439 ; -0.77301
0.70711 ; -0.70711
0.62731 ; -0.6967
0.63439 ; -0.77301
0.70711 ; -0.70711
0.77301 ; -0.63439
0.6967 ; -0.62731
0.75845 ; -0.55105
0.77301 ; -0.63439
0.83147 ; -0.55557
0.88192 ; -0.4714
0.8119 ; -0.46875
0.83147 ; -0.55557
0.88192 ; -0.4714
0.92388 ; -0.38268
0.85645 ; -0.38132
0.89162 ; -0.2897
0.92388 ; -0.38268
0.95694 ; -0.29028
0.98079 ; -0.19509
0.91701 ; -0.19492
0.95694 ; -0.29028
0.98079 ; -0.19509
0.99518 ; -0.098017
0.93236 ; -0.097995
0.9375 ; 2.6557e-16
0.99518 ; -0.098017
1 ; 6.1232e-17
5.3114e-16 ; -0.9375
1.2246e-16 ; -1
-0.098017 ; -0.99518
-0.19509 ; -0.98079
-0.097995 ; -0.93236
-0.098017 ; -0.99518
-0.19509 ; -0.98079
-0.29028 ; -0.95694
-0.19492 ; -0.91701
-0.2897 ; -0.89162
-0.29028 ; -0.95694
-0.38268 ; -0.92388
-0.4714 ; -0.88192
-0.38132 ; -0.85645
-0.38268 ; -0.92388
-0.4714 ; -0.88192
-0.55557 ; -0.83147
-0.46875 ; -0.8119
-0.55105 ; -0.75845
-0.55557 ; -0.83147
-0.63439 ; -0.77301
-0.70711 ; -0.70711
-0.62731 ; -0.6967
-0.63439 ; -0.77301
-0.70711 ; -0.70711
-0.77301 ; -0.63439
-0.6967 ; -0.62731
-0.75845 ; -0.55105
-0.77301 ; -0.63439
-0.83147 ; -0.55557
-0.88192 ; -0.4714
-0.8119 ; -0.46875
-0.83147 ; -0.55557
-0.88192 ; -0.4714
-0.92388 ; -0.38268
-0.85645 ; -0.38132
-0.89162 ; -0.2897
-0.92388 ; -0.38268
-0.95694 ; -0.29028
-0.98079 ; -0.19509
-0.91701 ; -0.19492
-0.95694 ; -0.29028
-0.98079 ; -0.19509
-0.99518 ; -0.098017
-0.93236 ; -0.097995
-0.9375 ; -1.7222e-16
-0.99518 ; -0.098017
-1 ; -1.837e-16
0 ; 0.9375
0 ; 1
-0.098017 ; 0.99518
-0.19509 ; 0.98079
-0.097995 ; 0.93236
-0.098017 ; 0.99518
-0.19509 ; 0.98079
-0.29028 ; 0.95694
-0.19492 ; 0.91701
-0.2897 ; 0.89162
-0.29028 ; 0.95694
-0.38268 ; 0.92388
-0.4714 ; 0.88192
-0.38132 ; 0.85645
-0.38268 ; 0.92388
-0.4714 ; 0.88192
-0.55557 ; 0.83147
-0.46875 ; 0.8119
-0.55105 ; 0.75845
-0.55557 ; 0.83147
-0.63439 ; 0.77301
-0.70711 ; 0.70711
-0.62731 ; 0.6967
-0.63439 ; 0.77301
-0.70711 ; 0.70711
-0.77301 ; 0.63439
-0.6967 ; 0.62731
-0.75845 ; 0.55105
-0.77301 ; 0.63439
-0.83147 ; 0.55557
-0.88192 ; 0.4714
-0.8119 ; 0.46875
-0.83147 ; 0.55557
-0.88192 ; 0.4714
-0.92388 ; 0.38268
-0.85645 ; 0.38132
-0.89162 ; 0.2897
-0.92388 ; 0.38268
-0.95694 ; 0.29028
-0.98079 ; 0.19509
-0.91701 ; 0.19492
-0.95694 ; 0.29028
-0.98079 ; 0.19509
-0.99518 ; 0.098017
-0.93236 ; 0.097995
-0.9375 ; -1.7222e-16
-0.99518 ; 0.098017
-1 ; -1.837e-16
